,index,precision@2,recall@2,ndcg@2,reciprocal_rank,average_precision
0,count,37.0,37.0,37.0,37.0,37.0
1,mean,0.33783783783783783,0.6756756756756757,0.6058515750000055,0.581081081081081,0.41216216216216217
2,std,0.23728949893812476,0.4745789978762495,0.4473821891224131,0.4489728016000263,0.34468290689604303
3,min,0.0,0.0,0.0,0.0,0.0
4,25%,0.0,0.0,0.0,0.0,0.0
5,50%,0.5,1.0,0.6309297535714573,0.5,0.25
6,75%,0.5,1.0,1.0,1.0,0.75
7,max,0.5,1.0,1.0,1.0,0.75
