,index,precision@2,recall@2,ndcg@2,reciprocal_rank,average_precision
0,count,37.0,37.0,37.0,37.0,37.0
1,mean,0.36486486486486486,0.7297297297297297,0.6898302436293468,0.6756756756756757,0.49324324324324326
2,std,0.22511258444537408,0.45022516889074815,0.4404939181638158,0.44435059069100763,0.34098756945455144
3,min,0.0,0.0,0.0,0.0,0.0
4,25%,0.0,0.0,0.0,0.0,0.0
5,50%,0.5,1.0,1.0,1.0,0.75
6,75%,0.5,1.0,1.0,1.0,0.75
7,max,0.5,1.0,1.0,1.0,0.75
