,index,precision@2,recall@2,ndcg@2,reciprocal_rank,average_precision
0,count,100.0,100.0,100.0,100.0,100.0
1,mean,0.435,0.87,0.8552371901428583,0.85,0.6325
2,std,0.16899883449481554,0.3379976689896311,0.3400716542947466,0.3445096060879416,0.2646109207760318
3,min,0.0,0.0,0.0,0.0,0.0
4,25%,0.5,1.0,1.0,1.0,0.75
5,50%,0.5,1.0,1.0,1.0,0.75
6,75%,0.5,1.0,1.0,1.0,0.75
7,max,0.5,1.0,1.0,1.0,0.75
