,index,precision@2,recall@2,ndcg@2,reciprocal_rank,average_precision
0,count,100.0,100.0,100.0,100.0,100.0
1,mean,0.41,0.82,0.7941650827500021,0.785,0.58
2,std,0.19306145983268455,0.3861229196653691,0.38555598856690354,0.3909002817893974,0.3012599803451759
3,min,0.0,0.0,0.0,0.0,0.0
4,25%,0.5,1.0,0.9077324383928643,0.875,0.625
5,50%,0.5,1.0,1.0,1.0,0.75
6,75%,0.5,1.0,1.0,1.0,0.75
7,max,0.5,1.0,1.0,1.0,0.75
