,index,precision@2,recall@2,ndcg@2,reciprocal_rank,average_precision
0,count,100.0,100.0,100.0,100.0,100.0
1,mean,0.48,0.96,0.9341650827500021,0.925,0.685
2,std,0.09847319278346618,0.19694638556693236,0.21367553743842485,0.22890825651118374,0.19009566969387715
3,min,0.0,0.0,0.0,0.0,0.0
4,25%,0.5,1.0,1.0,1.0,0.75
5,50%,0.5,1.0,1.0,1.0,0.75
6,75%,0.5,1.0,1.0,1.0,0.75
7,max,0.5,1.0,1.0,1.0,0.75
