,index,precision@2,recall@2,ndcg@2,reciprocal_rank,average_precision
0,count,100.0,100.0,100.0,100.0,100.0
1,mean,0.46,0.92,0.9052371901428583,0.9,0.67
2,std,0.13632996217214535,0.2726599243442907,0.2779225306999032,0.2842676218074806,0.22156468376279892
3,min,0.0,0.0,0.0,0.0,0.0
4,25%,0.5,1.0,1.0,1.0,0.75
5,50%,0.5,1.0,1.0,1.0,0.75
6,75%,0.5,1.0,1.0,1.0,0.75
7,max,0.5,1.0,1.0,1.0,0.75
