,index,precision@2,recall@2,ndcg@2,reciprocal_rank,average_precision
0,count,15.0,15.0,15.0,15.0,15.0
1,mean,0.6,0.6,0.7261859507142916,0.7,0.6
2,std,0.3872983346207417,0.3872983346207417,0.4039118129177395,0.41403933560541256,0.4204589329360411
3,min,0.0,0.0,0.0,0.0,0.0
4,25%,0.5,0.5,0.6309297535714573,0.5,0.25
5,50%,0.5,0.5,1.0,1.0,0.75
6,75%,1.0,1.0,1.0,1.0,1.0
7,max,1.0,1.0,1.0,1.0,1.0
