,index,precision@2,recall@2,ndcg@2,reciprocal_rank,average_precision
0,count,15.0,15.0,15.0,15.0,15.0
1,mean,0.5,0.5,0.7261859507142916,0.7,0.55
2,std,0.32732683535398854,0.32732683535398854,0.4039118129177395,0.4140393356054125,0.3803194146278324
3,min,0.0,0.0,0.0,0.0,0.0
4,25%,0.5,0.5,0.6309297535714573,0.5,0.25
5,50%,0.5,0.5,1.0,1.0,0.75
6,75%,0.5,0.5,1.0,1.0,0.75
7,max,1.0,1.0,1.0,1.0,1.0
