,index,precision@2,recall@2,ndcg@2,reciprocal_rank,average_precision
0,count,100.0,100.0,100.0,100.0,100.0
1,mean,0.415,0.83,0.8004743802857166,0.79,0.5825
2,std,0.18876258403431845,0.3775251680686369,0.3775071807752884,0.3838928722622203,0.29741096622062013
3,min,0.0,0.0,0.0,0.0,0.0
4,25%,0.5,1.0,0.9077324383928643,0.875,0.625
5,50%,0.5,1.0,1.0,1.0,0.75
6,75%,0.5,1.0,1.0,1.0,0.75
7,max,0.5,1.0,1.0,1.0,0.75
