,index,precision@2,recall@2,ndcg@2,reciprocal_rank,average_precision
0,count,85.0,85.0,85.0,85.0,85.0
1,mean,0.16470588235294117,0.003973367974194387,0.2061614001680686,0.2,0.17058823529411765
2,std,0.3308379988946328,0.009999870342259689,0.393088729951194,0.38729833462074165,0.3476360745609329
3,min,0.0,0.0,0.0,0.0,0.0
4,25%,0.0,0.0,0.0,0.0,0.0
5,50%,0.0,0.0,0.0,0.0,0.0
6,75%,0.0,0.0,0.0,0.0,0.0
7,max,1.0,0.047619047619047616,1.0,1.0,1.0
