,index,precision@2,recall@2,ndcg@2,reciprocal_rank,average_precision
0,count,15.0,15.0,15.0,15.0,15.0
1,mean,0.8,0.8,0.9087286502380972,0.9,0.8333333333333334
2,std,0.31622776601683794,0.31622776601683794,0.2687611735203409,0.2803059552906941,0.3086066999241838
3,min,0.0,0.0,0.0,0.0,0.0
4,25%,0.5,0.5,1.0,1.0,0.75
5,50%,1.0,1.0,1.0,1.0,1.0
6,75%,1.0,1.0,1.0,1.0,1.0
7,max,1.0,1.0,1.0,1.0,1.0
