,index,precision@200,recall@200,ndcg@200,reciprocal_rank,average_precision
0,count,100.0,100.0,100.0,100.0,100.0
1,mean,0.0040999999999999995,0.82,0.2062041039941041,0.07920929193659143,0.008240411622111648
2,std,0.0019306145983268455,0.3861229196653691,0.18742527971878564,0.18453988564152407,0.007189330497371657
3,min,0.0,0.0,0.0,0.0,0.0
4,25%,0.005,1.0,0.1466072965782219,0.008929914272822982,0.0029288536383038455
5,50%,0.005,1.0,0.17719751397144634,0.020416666666666666,0.00709723179045669
6,75%,0.005,1.0,0.22510043033741978,0.04821428571428571,0.011463956454888808
7,max,0.005,1.0,1.0,1.0,0.02939015474060723
