,index,precision@2,recall@2,ndcg@2,reciprocal_rank,average_precision
0,count,100.0,100.0,100.0,100.0,100.0
1,mean,0.425,0.85,0.824165082750002,0.815,0.6025
2,std,0.17943514064131835,0.3588702812826367,0.36043881946507633,0.3669076343185191,0.2844785234477821
3,min,0.0,0.0,0.0,0.0,0.0
4,25%,0.5,1.0,1.0,1.0,0.75
5,50%,0.5,1.0,1.0,1.0,0.75
6,75%,0.5,1.0,1.0,1.0,0.75
7,max,0.5,1.0,1.0,1.0,0.75
