,index,precision@200,recall@200,ndcg@200,reciprocal_rank,average_precision
0,count,100.0,100.0,100.0,100.0,100.0
1,mean,0.0021500000000000004,0.14333333333333334,0.10681800674437407,0.04235908168287084,0.00493265052291438
2,std,0.002865239249974766,0.19101594999831772,0.16992377851285076,0.12723582862229962,0.007854269373280244
3,min,0.0,0.0,0.0,0.0,0.0
4,25%,0.0,0.0,0.0,0.0,0.0
5,50%,0.0,0.0,0.0,0.0,0.0
6,75%,0.005,0.3333333333333333,0.1830289292867282,0.020944148936170214,0.007716579785984885
7,max,0.01,0.6666666666666666,1.0,1.0,0.036946976147881096
