,index,precision@200,recall@200,ndcg@200,reciprocal_rank,average_precision
0,count,100.0,100.0,100.0,100.0,100.0
1,mean,0.0021500000000000004,0.14333333333333334,0.06435538996385456,0.0068828089033097905,0.001879516745057551
2,std,0.002865239249974766,0.19101594999831772,0.08376545408578868,0.015181212288804551,0.0033387258626029342
3,min,0.0,0.0,0.0,0.0,0.0
4,25%,0.0,0.0,0.0,0.0,0.0
5,50%,0.0,0.0,0.0,0.0,0.0
6,75%,0.005,0.3333333333333333,0.1504554929022719,0.009484593319144998,0.0032358166301526448
7,max,0.01,0.6666666666666666,0.28906482631788766,0.1,0.015245313470765944
