,index,precision@2,recall@2,ndcg@2,reciprocal_rank,average_precision
0,count,100.0,100.0,100.0,100.0,100.0
1,mean,0.415,0.83,0.7930929753571456,0.78,0.5725
2,std,0.18876258403431845,0.3775251680686369,0.3771380368267555,0.3848126922033733,0.30003156399608927
3,min,0.0,0.0,0.0,0.0,0.0
4,25%,0.5,1.0,0.6309297535714573,0.5,0.25
5,50%,0.5,1.0,1.0,1.0,0.75
6,75%,0.5,1.0,1.0,1.0,0.75
7,max,0.5,1.0,1.0,1.0,0.75
