,index,precision@2,recall@2,ndcg@2,reciprocal_rank,average_precision
0,count,100.0,100.0,100.0,100.0,100.0
1,mean,0.465,0.93,0.9078557852142873,0.9,0.6675
2,std,0.1282161999881214,0.2564323999762428,0.2653037414773352,0.27524094128159016,0.2192013741385816
3,min,0.0,0.0,0.0,0.0,0.0
4,25%,0.5,1.0,1.0,1.0,0.75
5,50%,0.5,1.0,1.0,1.0,0.75
6,75%,0.5,1.0,1.0,1.0,0.75
7,max,0.5,1.0,1.0,1.0,0.75
