,index,precision@200,recall@200,ndcg@200,reciprocal_rank,average_precision
0,count,100.0,100.0,100.0,100.0,100.0
1,mean,0.0040999999999999995,0.82,0.4184135110105804,0.3288950788166852,0.014232119885715995
2,std,0.0019306145983268455,0.3861229196653691,0.3829928536583627,0.42365205587950505,0.011504108243375699
3,min,0.0,0.0,0.0,0.0,0.0
4,25%,0.005,1.0,0.14485947880221595,0.008426385442514474,0.0026416677701727384
5,50%,0.005,1.0,0.2626495350371938,0.07692307692307693,0.01387410134955382
6,75%,0.005,1.0,1.0,1.0,0.02939015474060723
7,max,0.005,1.0,1.0,1.0,0.02939015474060723
