,index,precision@2,recall@2,ndcg@2,reciprocal_rank,average_precision
0,count,15.0,15.0,15.0,15.0,15.0
1,mean,0.8666666666666667,0.8666666666666667,1.0,1.0,0.9333333333333333
2,std,0.22886885410853175,0.22886885410853175,0.0,0.0,0.11443442705426587
3,min,0.5,0.5,1.0,1.0,0.75
4,25%,0.75,0.75,1.0,1.0,0.875
5,50%,1.0,1.0,1.0,1.0,1.0
6,75%,1.0,1.0,1.0,1.0,1.0
7,max,1.0,1.0,1.0,1.0,1.0
